{"optimal_threshold": 0.9949999999999999, "max_acc_score": 0.898878192378073}