{"optimal_threshold": 0.9949999999999999, "max_acc_score": 0.8405227916559361}