{"optimal_threshold": 0.9949999999999999, "max_acc_score": 0.8478077126254623}