{"optimal_threshold": 0.9799999999999999, "max_acc_score": 0.7948588709677419}