{"optimal_threshold": 0.9949999999999999, "max_acc_score": 0.8576718009478673}