f1_score,run_number
0.005082553450505973,1
0.018298103275835195,2
0.005266216603509219,3
0.017534866829808253,4
0.032993064283386865,5
0.015353016688061617,6
0.0239005137200852,7
0.001932367149758454,8
