f1_score,run_number
0.06495753060582028,1
0.05686052838634308,2
0.09786641321779976,3
0.1000659049241952,4
0.12253823687121879,5
0.12226057730952414,6
0.13903795976699007,7
0.1355096402282158,8
