f1_score,run_number
0.008457549051608457,1
0.006623810971637058,2
0.008097946592114142,3
0.0011095700416088765,4
0.002229965156794425,5
0.00140607424071991,6
0.0024654156964799344,7
0.001392369813422445,8
