{"optimal_threshold": 0.9649999999999999, "max_acc_score": 0.8055126223596084}