{"optimal_threshold": 0.9899999999999999, "max_acc_score": 0.8555841647891858}